Item,Description,Cost_Amazon,Cost_flipkart,Cost_RelianceDigital,
boAt Rugged v3 Extra Tough Unbreakable Braided Micro USB Cable 1.5 Meter (Black),boAt Rugged v3 Extra Tough Unbreakable Braided Micro USB Cable 1.5 Meter (Black), 199,99,no results found,
SanDisk Cruzer Blade 32GB USB Flash Drive,SanDisk Cruzer Blade 32GB USB Flash Drive, 340,597,349,
HP X1000 Wired Mouse (Black/Grey),HP X1000 Wired Mouse (Black/Grey), 319,319,349,
HP 803 Small Ink Cartridge (Black),HP 803 Small Ink Cartridge (Black), 753,250,753,
TP-Link Archer C6 Gigabit MU-MIMO Wireless Router Dual Band 1200 Mbps Wi-Fi Speed 5 Gigabit Ports 4 External Antennasâ€¦,TP-Link Archer C6 Gigabit MU-MIMO Wireless Router Dual Band 1200 Mbps Wi-Fi Speed 5 Gigabit Ports 4 External Antennasâ€¦, 2449,2999,no results found,
SanDisk Ultra Dual 64GB USB 3.0 OTG Pen Drive,SanDisk Ultra Dual 64GB USB 3.0 OTG Pen Drive, 726,800,999,
TP-Link TL-WA850RE N300 Wireless Range Extender Broadband/Wi-Fi Extender Wi-Fi Booster/Hotspot with 1 Ethernet Portâ€¦,TP-Link TL-WA850RE N300 Wireless Range Extender Broadband/Wi-Fi Extender Wi-Fi Booster/Hotspot with 1 Ethernet Portâ€¦, 1399,1899,no results found,
TP-Link USB WiFi Adapter for PC(TL-WN725N) N150 Wireless Network Adapter for Desktop - Nano Size WiFi Dongle Compatibleâ€¦,TP-Link USB WiFi Adapter for PC(TL-WN725N) N150 Wireless Network Adapter for Desktop - Nano Size WiFi Dongle Compatibleâ€¦, 499,no results found,no results found,
HP 680 Original Ink Advantage Cartridge (Black),HP 680 Original Ink Advantage Cartridge (Black), 792,1849,792,
TP-Link USB Bluetooth Adapter for PC 4.0 Bluetooth Dongle Receiver Support Windows 10/8.1/8/7/XP for Desktop Laptopâ€¦,TP-Link USB Bluetooth Adapter for PC 4.0 Bluetooth Dongle Receiver Support Windows 10/8.1/8/7/XP for Desktop Laptopâ€¦, 489,349,no results found,
Logitech B170 Wireless Mouse 2.4 GHz with USB Nano Receiver Optical Tracking 12-Months Battery Life Ambidextrous PCâ€¦,Logitech B170 Wireless Mouse 2.4 GHz with USB Nano Receiver Optical Tracking 12-Months Battery Life Ambidextrous PCâ€¦, 549,699,no results found,
MemeHoÂ® Smart Multi-Purpose Laptop Table Brand owner: Blue Sea India other stores are fake (Black),MemeHoÂ® Smart Multi-Purpose Laptop Table Brand owner: Blue Sea India other stores are fake (Black), 789,no results found,2850,
Logitech C270 HD Webcam HD 720p/30fps Widescreen HD Video Calling HD Light Correction Noise-Reducing Mic for Skypeâ€¦,Logitech C270 HD Webcam HD 720p/30fps Widescreen HD Video Calling HD Light Correction Noise-Reducing Mic for Skypeâ€¦, 2594,1799,no results found,
GIZGA Multi-Angle Portable & Universal Stand 7-10 inch Black Cradle for Tablets,GIZGA Multi-Angle Portable & Universal Stand 7-10 inch Black Cradle for Tablets, 179,199,99,
Dell Km117 Wireless Keyboard Mouse,Dell Km117 Wireless Keyboard Mouse, 1318,1343,1299,
Lenovo 300 Wired USB Mouse GX30M39704,Lenovo 300 Wired USB Mouse GX30M39704, 249,375,299,
Logitech M90 Wired USB Mouse 1000 DPI Optical Tracking Ambidextrous PC/Mac/Laptop - Black,Logitech M90 Wired USB Mouse 1000 DPI Optical Tracking Ambidextrous PC/Mac/Laptop - Black, 299,419,329,
Lenovo 300 Wireless Compact Mouse (GX30K79401),Lenovo 300 Wireless Compact Mouse (GX30K79401), 599,205,699,
Mi USB Type-C Cable,Mi USB Type-C Cable, 229,259,43699,
Logitech M235 Wireless Mouse 2.4 GHz with USB Unifying Receiver 1000 DPI Optical Tracking 12 Month Life Batteryâ€¦,Logitech M235 Wireless Mouse 2.4 GHz with USB Unifying Receiver 1000 DPI Optical Tracking 12 Month Life Batteryâ€¦, 749,699,no results found,
HP 680 Ink Cartridges Combo Pack (1 Black+ 1 tri-Color Cartridge),HP 680 Ink Cartridges Combo Pack (1 Black+ 1 tri-Color Cartridge), 1584,1830,744,
RESONATE RouterUPS CRU5V2A - UPS (Power Backup) for Wi-Fi Router ONT Device CCTV Set Top Box,RESONATE RouterUPS CRU5V2A - UPS (Power Backup) for Wi-Fi Router ONT Device CCTV Set Top Box, 2299,1490,499,
Mi Micro USB Cable (120cm USB Type A Black),Mi Micro USB Cable (120cm USB Type A Black), 229,199,399,
TP-link N300 WiFi Wireless Router TL-WR845N | 300Mbps Wi-Fi Speed | Three 5dBi high gain Antennas | IPv6 Compatible | APâ€¦,TP-link N300 WiFi Wireless Router TL-WR845N | 300Mbps Wi-Fi Speed | Three 5dBi high gain Antennas | IPv6 Compatible | APâ€¦, 1199,1699,no results found,
Seagate Expansion Portable 1.5 TB External Hard Drive HDD â€“ USB 3.0 for PC Laptop and 3-Year Rescue Servicesâ€¦,Seagate Expansion Portable 1.5 TB External Hard Drive HDD â€“ USB 3.0 for PC Laptop and 3-Year Rescue Servicesâ€¦, 4299,4299,no results found,
HP 680 Tri-color Original Ink Advantage Cartridge,HP 680 Tri-color Original Ink Advantage Cartridge, 792,1860,792,
Gizga Essentials GZ-CK-104 Professional 6-in-1 Cleaning Kit (Air Blower Cotton Swabs Suede + Plush Micro-Fiber Clothâ€¦,Gizga Essentials GZ-CK-104 Professional 6-in-1 Cleaning Kit (Air Blower Cotton Swabs Suede + Plush Micro-Fiber Clothâ€¦, 279,no results found,no results found,
D-Link DIR-615 Wireless-N300 Router (Black Not a Modem),D-Link DIR-615 Wireless-N300 Router (Black Not a Modem), 999,1747,1399,
Zebronics ZEB-KM2100 Multimedia USB Keyboard Comes with 114 Keys Including 12 Dedicated Multimedia Keys & with Rupee Key,Zebronics ZEB-KM2100 Multimedia USB Keyboard Comes with 114 Keys Including 12 Dedicated Multimedia Keys & with Rupee Key, 377,280,399,
SanDisk SDDD3-032G-I35GW Ultra Dual 32GB USB 3.0 OTG Pen Drive (Gold),SanDisk SDDD3-032G-I35GW Ultra Dual 32GB USB 3.0 OTG Pen Drive (Gold), 499,584,649,
ZEBRONICS Gaming Multimedia USB Keyboard & USB Mouse Combo -Transformer,ZEBRONICS Gaming Multimedia USB Keyboard & USB Mouse Combo -Transformer, 1299,1699,399,
AmazonBasics Nylon Braided USB A to Lightning Compatible Cable - Apple MFi Certified - Dark Grey (3 Feet/0.9 Meter),AmazonBasics Nylon Braided USB A to Lightning Compatible Cable - Apple MFi Certified - Dark Grey (3 Feet/0.9 Meter), 799,890,699,
Logitech MK270r Wireless Keyboard and Mouse Combo for Windows 2.4 GHz Wireless Compact Wireless Mouse 8 Multimediaâ€¦,Logitech MK270r Wireless Keyboard and Mouse Combo for Windows 2.4 GHz Wireless Compact Wireless Mouse 8 Multimediaâ€¦, 1595,729,no results found,
HP 678 Black Ink Advantage Cartridge (CZ107AA),HP 678 Black Ink Advantage Cartridge (CZ107AA), 753,753,792,
Logitech M221 Wireless Mouse Silent Buttons 2.4 GHz with USB Mini Receiver 1000 DPI Optical Tracking 18-Monthâ€¦,Logitech M221 Wireless Mouse Silent Buttons 2.4 GHz with USB Mini Receiver 1000 DPI Optical Tracking 18-Monthâ€¦, 799,no results found,no results found,
Callas Multipurpose Foldable Laptop Table with Cup Holder Study Table Bed Table Breakfast Table Foldable andâ€¦,Callas Multipurpose Foldable Laptop Table with Cup Holder Study Table Bed Table Breakfast Table Foldable andâ€¦, 859,no results found,no results found,
Zinq Technologies 818W Wireless Mouse with 1600DPI for Laptop and Desktop (Black),Zinq Technologies 818W Wireless Mouse with 1600DPI for Laptop and Desktop (Black), 199,320,3199,
Canon PG-47 Ink Cartridge (Black),Canon PG-47 Ink Cartridge (Black), 579,1699,579,
GIZGA Reversible 15.6-inch Laptop Sleeve,GIZGA Reversible 15.6-inch Laptop Sleeve, 169,399,48024,
Quantum QHM6633 4 Port Hi-Speed USB Hub (Multicolor),Quantum QHM6633 4 Port Hi-Speed USB Hub (Multicolor), 210,349,399,
Zinq Technologies Cool Slate Dual Fan Cooling Pad for Notebook/Laptop with Dual USB Port(Black),Zinq Technologies Cool Slate Dual Fan Cooling Pad for Notebook/Laptop with Dual USB Port(Black), 899,no results found,499,
pTron Boom Ultima 4D Dual Driver in-Ear Gaming Wired Headphones with in-line Mic Volume Control & Passive Noiseâ€¦,pTron Boom Ultima 4D Dual Driver in-Ear Gaming Wired Headphones with in-line Mic Volume Control & Passive Noiseâ€¦, 549,169,499,
Crucial BX500 240GB 3D NAND SATA 2.5-inch SSD (CT240BX500SSD1),Crucial BX500 240GB 3D NAND SATA 2.5-inch SSD (CT240BX500SSD1), 2375,2900,368,
Zebronics Zeb-Transformer-M Optical USB Gaming Mouse with LED Effect(Black),Zebronics Zeb-Transformer-M Optical USB Gaming Mouse with LED Effect(Black), 453,1699,399,
Logitech H110 Wired headset Stereo Headphones with noise-cancelling Microphone3.5-mm Dual Audio Jack PC/Mac/Laptopâ€¦,Logitech H110 Wired headset Stereo Headphones with noise-cancelling Microphone3.5-mm Dual Audio Jack PC/Mac/Laptopâ€¦, 729,807,no results found,
Mi 2-in-1 USB Cable (Micro USB to Type-C) 100cm,Mi 2-in-1 USB Cable (Micro USB to Type-C) 100cm, 269,237,399,
HP FD236W 32GB USB 2.0 Pen Drive (Gray),HP FD236W 32GB USB 2.0 Pen Drive (Gray), 425,501,499,
STRIFF Adjustable Laptop Stand Patented Riser Ventilated Portable Foldable Compatible with MacBook Notebook Tablet Trayâ€¦,STRIFF Adjustable Laptop Stand Patented Riser Ventilated Portable Foldable Compatible with MacBook Notebook Tablet Trayâ€¦, 599,949,no results found,
SanDisk Cruzer Blade SDCZ50-016G-135 16GB USB 2.0 Pen Drive,SanDisk Cruzer Blade SDCZ50-016G-135 16GB USB 2.0 Pen Drive, 299,1465,349,
Wacom One by CTL-472/K0-CX Small 6-inch x 3.5-inch Graphic Tablet (Red/Black),Wacom One by CTL-472/K0-CX Small 6-inch x 3.5-inch Graphic Tablet (Red/Black), 3667,3700,33999,
OnePlus Bullets Wireless Z in-Ear Bluetooth Earphones with Mic (Black),OnePlus Bullets Wireless Z in-Ear Bluetooth Earphones with Mic (Black), 1999,no results found,1999,
boAt Bassheads 100 in Ear Wired Earphones with Mic(Black),boAt Bassheads 100 in Ear Wired Earphones with Mic(Black), 399,450,499,
Redmi Note 9 Pro (Aurora Blue 4GB RAM 64GB Storage) - Latest 8nm Snapdragon 720G & Alexa Hands-Free | Upto 6 Months Noâ€¦,Redmi Note 9 Pro (Aurora Blue 4GB RAM 64GB Storage) - Latest 8nm Snapdragon 720G & Alexa Hands-Free | Upto 6 Months Noâ€¦, 12999,15980,15499,
OnePlus Bullets Wireless Z Bass Edition (Reverb Red),OnePlus Bullets Wireless Z Bass Edition (Reverb Red), 1999,1099,1999,
Redmi Note 9 Pro (Interstellar Black 4GB RAM 64GB Storage)- Latest 8nm Snapdragon 720G & Alexa Hands-Free | Upto 6â€¦,Redmi Note 9 Pro (Interstellar Black 4GB RAM 64GB Storage)- Latest 8nm Snapdragon 720G & Alexa Hands-Free | Upto 6â€¦, 12999,15496,15499,
boAt Bassheads 242 in Ear Wired Earphones with Mic(Active Black),boAt Bassheads 242 in Ear Wired Earphones with Mic(Active Black), 499,399,399,
JBL C100SI In-Ear Deep Bass Headphones with Mic (Black),JBL C100SI In-Ear Deep Bass Headphones with Mic (Black), 599,no results found,449,
Redmi 9A (Sea Blue 2GB Ram 32GB Storage),Redmi 9A (Sea Blue 2GB Ram 32GB Storage), 6999,8801,7399,
boAt Rockerz 255 Sports in-Ear Bluetooth Neckband Earphone with Mic (Active Black),boAt Rockerz 255 Sports in-Ear Bluetooth Neckband Earphone with Mic (Active Black), 1399,578,1399,
boAt Rugged v3 Extra Tough Unbreakable Braided Micro USB Cable 1.5 Meter (Black),boAt Rugged v3 Extra Tough Unbreakable Braided Micro USB Cable 1.5 Meter (Black), 199,no results found,299,
OnePlus Buds Z (White),OnePlus Buds Z (White), 2999,2999,3199,
realme Buds 2 with Mic for Android Smartphones (Black),realme Buds 2 with Mic for Android Smartphones (Black), 599,no results found,599,
Redmi 9 (Sporty Orange 4GB RAM 64GB Storage) | 3 Months No Cost EMI on BFL,Redmi 9 (Sporty Orange 4GB RAM 64GB Storage) | 3 Months No Cost EMI on BFL, 8999,9880,9399,
Redmi 9 Prime (Space Blue 4GB RAM 64GB Storage)- Full HD+ Display & AI Quad Camera,Redmi 9 Prime (Space Blue 4GB RAM 64GB Storage)- Full HD+ Display & AI Quad Camera, 9999,10909,11499,
SanDisk Cruzer Blade 32GB USB Flash Drive,SanDisk Cruzer Blade 32GB USB Flash Drive, 340,597,349,
Redmi 9A (Sea Blue 3GB Ram 32GB Storage),Redmi 9A (Sea Blue 3GB Ram 32GB Storage), 7499,8801,7399,
Nokia 105 Single SIM (Black),Nokia 105 Single SIM (Black), 1180,1179,8429,
Redmi 9A (Nature Green 2GB Ram 32GB Storage),Redmi 9A (Nature Green 2GB Ram 32GB Storage), 6999,7499,7399,
Redmi 9A (Midnight Black 3GB Ram 32GB Storage),Redmi 9A (Midnight Black 3GB Ram 32GB Storage), 7499,7952,7399,
pTron Bassbuds in-Ear True Wireless Bluetooth 5.0 Headphones with Hi-Fi Deep Bass 20Hrs Playtime with Case Ergonomicâ€¦,pTron Bassbuds in-Ear True Wireless Bluetooth 5.0 Headphones with Hi-Fi Deep Bass 20Hrs Playtime with Case Ergonomicâ€¦, 999,3448,no results found,
Noise Colorfit Pro 2 Full Touch Control Smart Watch Jet Black,Noise Colorfit Pro 2 Full Touch Control Smart Watch Jet Black, 2999,499,2999,
ELV Car Mount Adjustable Car Phone Holder Universal Long Arm Windshield for Smartphones - Black,ELV Car Mount Adjustable Car Phone Holder Universal Long Arm Windshield for Smartphones - Black, 349,299,499,
OnePlus Bullets Wireless Z Bass Edition (Bass Blue),OnePlus Bullets Wireless Z Bass Edition (Bass Blue), 1999,no results found,1999,
Samsung Galaxy M01 (Blue 3GB RAM 32GB Storage) with No Cost EMI/Additional Exchange Offers,Samsung Galaxy M01 (Blue 3GB RAM 32GB Storage) with No Cost EMI/Additional Exchange Offers, 7499,8023,5999,
pTron Tangent Lite Bluetooth 5.0 Wireless Headphones with Hi-Fi Stereo Sound 6Hrs Playtime Lightweight Ergonomicâ€¦,pTron Tangent Lite Bluetooth 5.0 Wireless Headphones with Hi-Fi Stereo Sound 6Hrs Playtime Lightweight Ergonomicâ€¦, 599,2499,no results found,
Mi Power Bank 3i 20000mAh (Sandstone Black) Triple Output and Dual Input Port | 18W Fast Charging | Power Delivery,Mi Power Bank 3i 20000mAh (Sandstone Black) Triple Output and Dual Input Port | 18W Fast Charging | Power Delivery, 1499,1399,2399,
Redmi 9 Prime (Matte Black 4GB RAM 64GB Storage) - Full HD+ Display & AI Quad Camera,Redmi 9 Prime (Matte Black 4GB RAM 64GB Storage) - Full HD+ Display & AI Quad Camera, 9999,10999,10399,
boAt Airdopes 441 TWS Ear-Buds with IWP Technology Immersive Audio Up to 30H Total Playback IPX7 Water Resistanceâ€¦,boAt Airdopes 441 TWS Ear-Buds with IWP Technology Immersive Audio Up to 30H Total Playback IPX7 Water Resistanceâ€¦, 1999,no results found,no results found,
Redmi 9 Prime (Mint Green 4GB RAM 64GB Storage)- Full HD+ Display & AI Quad Camera,Redmi 9 Prime (Mint Green 4GB RAM 64GB Storage)- Full HD+ Display & AI Quad Camera, 9999,11454,11499,
boAt Bassheads 225 in Ear Wired Earphones with Mic(Black),boAt Bassheads 225 in Ear Wired Earphones with Mic(Black), 549,450,399,
Samsung Galaxy M31 Prime Edition (Iceberg Blue 6GB RAM 128GB Storage),Samsung Galaxy M31 Prime Edition (Iceberg Blue 6GB RAM 128GB Storage), 16499,17335,18499,
HP X1000 Wired Mouse (Black/Grey),HP X1000 Wired Mouse (Black/Grey), 319,319,349,
Samsung Galaxy M31 (Ocean Blue 6GB RAM 128GB Storage),Samsung Galaxy M31 (Ocean Blue 6GB RAM 128GB Storage), 16499,17335,18499,
ELV Desktop Cell Phone Stand Tablet Stand Aluminum Stand Holder for Mobile Phone (All Size) and Tablet (Up to 10.1 inchâ€¦,ELV Desktop Cell Phone Stand Tablet Stand Aluminum Stand Holder for Mobile Phone (All Size) and Tablet (Up to 10.1 inchâ€¦, 149,449,no results found,
Redmi Note 9 Pro (Glacier White 4GB RAM 64GB Storage) - Latest 8nm Snapdragon 720G & Alexa Hands-Free | Upto 6 Monthsâ€¦,Redmi Note 9 Pro (Glacier White 4GB RAM 64GB Storage) - Latest 8nm Snapdragon 720G & Alexa Hands-Free | Upto 6 Monthsâ€¦, 12999,14502,15499,
Boult Audio BassBuds X1 in-Ear Wired Earphones with Mic and 10mm Powerful Driver for Extra Bass and HD Sound (Black),Boult Audio BassBuds X1 in-Ear Wired Earphones with Mic and 10mm Powerful Driver for Extra Bass and HD Sound (Black), 349,349,1699,
Tygot Adjustable Aluminium Alloy Tripod Stand Holder for Mobile Phones & Camera 360 mm -1050 mm 1/4 inch Screwâ€¦,Tygot Adjustable Aluminium Alloy Tripod Stand Holder for Mobile Phones & Camera 360 mm -1050 mm 1/4 inch Screwâ€¦, 349,339,1090,
Redmi 8A Dual (Sky White 2GB RAM 32GB Storage) â€“ Dual Cameras & 5000 mAH Battery,Redmi 8A Dual (Sky White 2GB RAM 32GB Storage) â€“ Dual Cameras & 5000 mAH Battery, 6999,14999,7999,
boAt Bassheads 100 in Ear Wired Earphones with Mic(Furious Red),boAt Bassheads 100 in Ear Wired Earphones with Mic(Furious Red), 399,399,499,
Samsung Galaxy M31 Prime Edition (Ocean Blue 6GB RAM 128GB Storage),Samsung Galaxy M31 Prime Edition (Ocean Blue 6GB RAM 128GB Storage), 16499,17335,18499,
pTron Bassbuds Lite V2 In-Ear True Wireless Bluetooth 5.0 Headphones with HiFi Deep Bass Total 20Hrs Playtimeâ€¦,pTron Bassbuds Lite V2 In-Ear True Wireless Bluetooth 5.0 Headphones with HiFi Deep Bass Total 20Hrs Playtimeâ€¦, 999,no results found,no results found,
HP 803 Small Ink Cartridge (Black),HP 803 Small Ink Cartridge (Black), 753,250,753,
boAt A 350 Type C Cable 1.5m (Black),boAt A 350 Type C Cable 1.5m (Black), 299,469,299,
boAt Rockerz 255 Sports in-Ear Bluetooth Neckband Earphone with Mic(Ocean Blue),boAt Rockerz 255 Sports in-Ear Bluetooth Neckband Earphone with Mic(Ocean Blue), 1099,649,1399,
Redmi Note 9 Pro Max (Aurora Blue 6GB RAM 128GB Storage) - 64MP Quad Camera & Latest 8nm Snapdragon 720G & Alexa Handsâ€¦,Redmi Note 9 Pro Max (Aurora Blue 6GB RAM 128GB Storage) - 64MP Quad Camera & Latest 8nm Snapdragon 720G & Alexa Handsâ€¦, 18499,19980,18999,
boAt Bassheads 100 in Ear Wired Earphones with Mic(Taffy Pink),boAt Bassheads 100 in Ear Wired Earphones with Mic(Taffy Pink), 399,399,399,
Oppo A31 (Fantasy White 6GB RAM 128GB Storage) with No Cost EMI/Additional Exchange Offers,Oppo A31 (Fantasy White 6GB RAM 128GB Storage) with No Cost EMI/Additional Exchange Offers, 11990,10990,11990,
SOFTSPUN Microfiber Cloth - 4 pcs - 40x40 cms - 340 GSM Blue - Thick Lint & Streak-Free Multipurpose Cloths - Automotiveâ€¦,SOFTSPUN Microfiber Cloth - 4 pcs - 40x40 cms - 340 GSM Blue - Thick Lint & Streak-Free Multipurpose Cloths - Automotiveâ€¦, 275,no results found,19890,
Marc Loire 100% Pure Cotton 6-Layered Super Soft Reusable Washable outdoor protection face mask for men/women,Marc Loire 100% Pure Cotton 6-Layered Super Soft Reusable Washable outdoor protection face mask for men/women, 399,no results found,1649,
SOFTSPUN Microfiber Cloth - 5 pcs - 40x40 cms - 340 GSM Multi-Color - Thick Lint & Streak-Free Multipurpose Clothsâ€¦,SOFTSPUN Microfiber Cloth - 5 pcs - 40x40 cms - 340 GSM Multi-Color - Thick Lint & Streak-Free Multipurpose Clothsâ€¦, 355,229,19890,
Le Gear Face Mask Pro+ for Bike Ski Cycling Running Hiking - Protects from Wind Sun Dust - 4 Way Stretch - #1â€¦,Le Gear Face Mask Pro+ for Bike Ski Cycling Running Hiking - Protects from Wind Sun Dust - 4 Way Stretch - #1â€¦, 249,no results found,999,
Bildos 3 Ply CEISO & GMP Certified Face Masks with Adjustable Nose Clip and Ultrasonic sealed ear loop With Melt blownâ€¦,Bildos 3 Ply CEISO & GMP Certified Face Masks with Adjustable Nose Clip and Ultrasonic sealed ear loop With Melt blownâ€¦, 420,399,3290,
Probiker Synthetic Leather Motorcycle Gloves (Black L),Probiker Synthetic Leather Motorcycle Gloves (Black L), 399,305,4500,
Steelbird SBH-17 Terminator Full Face Graphic Helmet (Medium 580 MM Glossy Fluo Neon With Blue Visor),Steelbird SBH-17 Terminator Full Face Graphic Helmet (Medium 580 MM Glossy Fluo Neon With Blue Visor), 1839,no results found,1144,
Pidilite WD-40 Multipurpose Spray Rust Remover Squeak Noise Remover and Lubricant Stain Remover and Cleaning Agentâ€¦,Pidilite WD-40 Multipurpose Spray Rust Remover Squeak Noise Remover and Lubricant Stain Remover and Cleaning Agentâ€¦, 215,675,no results found,
Vega Crux Half Face Helmet (Black M),Vega Crux Half Face Helmet (Black M), 891,892,1599,
Vega Crux Flip-up Helmet (Black M),Vega Crux Flip-up Helmet (Black M), 1100,1200,1599,
Tarkan Universal Bike Mount Silicone Mobile Holder 360Â° Rotating Handlebar Stand for Bicycle Motorcycle Scooty Fitsâ€¦,Tarkan Universal Bike Mount Silicone Mobile Holder 360Â° Rotating Handlebar Stand for Bicycle Motorcycle Scooty Fitsâ€¦, 399,624,no results found,
Onshoppy Handheld Car Vacuum Cleaner 120W 12V Portable Wet/Dry Auto Car Vacuum Dust Buster with 16.4FT (5M) Power Cordâ€¦,Onshoppy Handheld Car Vacuum Cleaner 120W 12V Portable Wet/Dry Auto Car Vacuum Dust Buster with 16.4FT (5M) Power Cordâ€¦, 699,698,no results found,
3M IA260166409 Car care car wash Shampoo (1L),3M IA260166409 Car care car wash Shampoo (1L), 517,1100,29990,
SteelBird Cable Lock for Helmet (Black),SteelBird Cable Lock for Helmet (Black), 129,1079,2850,
Bergmann Typhoon Heavy Duty Metal Car Tyre Inflator (Blue),Bergmann Typhoon Heavy Duty Metal Car Tyre Inflator (Blue), 1899,no results found,789,
Sheen 300 GSM Microfiber Cleaning Cloth (30x35cm) - Pack of 10,Sheen 300 GSM Microfiber Cleaning Cloth (30x35cm) - Pack of 10, 321,299,399,
Woscher 1610 Portable Mini Tyre Inflator 12V DC 100 PSI Tire Pump for Bike Scooter & Car,Woscher 1610 Portable Mini Tyre Inflator 12V DC 100 PSI Tire Pump for Bike Scooter & Car, 999,no results found,9299,
Jopasu Car Duster,Jopasu Car Duster, 690,1107,999,
Kingsway Dust Proof Car Body Cover for Hyundai Aura (Model Year : 2020 Onwards) (Grey Matty Triple Stitched),Kingsway Dust Proof Car Body Cover for Hyundai Aura (Model Year : 2020 Onwards) (Grey Matty Triple Stitched), 408,819,1299,
HSR 10PCS/1Set Car Wiper Detergent Effervescent Tablets Washer Auto Windshield Cleaner Glass Wash Cleaning Compactâ€¦,HSR 10PCS/1Set Car Wiper Detergent Effervescent Tablets Washer Auto Windshield Cleaner Glass Wash Cleaning Compactâ€¦, 199,492,no results found,
APPUCOCO Mini Car Trash Bin Can Holder Dustbin - Black (L 17 x W 6.5 cms),APPUCOCO Mini Car Trash Bin Can Holder Dustbin - Black (L 17 x W 6.5 cms), 193,118,499,
Le Gear Dri-Fit Helmet Skull Cap (Black),Le Gear Dri-Fit Helmet Skull Cap (Black), 148,399,21990,
Pidilite WD-40 Multipurpose Spray for Home Improvement Loosens Stuck & Rust Parts Removes Stain & Sticky Residueâ€¦,Pidilite WD-40 Multipurpose Spray for Home Improvement Loosens Stuck & Rust Parts Removes Stain & Sticky Residueâ€¦, 110,no results found,500,
Marc Loire 100% Pure Cotton 6-Layered Super Soft Reusable Washable outdoor protection face mask for men/women,Marc Loire 100% Pure Cotton 6-Layered Super Soft Reusable Washable outdoor protection face mask for men/women, 399,no results found,1649,
AutoKraftZ-AZ-PROBIKER-Gloves-BLK-XL Full Racing Riding Motorcycle Driving Gloves,AutoKraftZ-AZ-PROBIKER-Gloves-BLK-XL Full Racing Riding Motorcycle Driving Gloves, 320,no results found,1999,
Ambi Pur Citrus Power Odour Eliminating Air Freshener Spray - 275 g (Fresh Boost),Ambi Pur Citrus Power Odour Eliminating Air Freshener Spray - 275 g (Fresh Boost), 235,278,500,
Steelbird YS-20 7Wings Unisex Helmet Visor Face Shield Static Full Face ProtectorFace Mask For Each and Everyone (Packâ€¦,Steelbird YS-20 7Wings Unisex Helmet Visor Face Shield Static Full Face ProtectorFace Mask For Each and Everyone (Packâ€¦, 898,no results found,no results found,
Bildos Protective N95 mask washable and Reusable 5 Layer Special safety Anti-Bacterial Mask (Multicolour N-95 Maskâ€¦,Bildos Protective N95 mask washable and Reusable 5 Layer Special safety Anti-Bacterial Mask (Multicolour N-95 Maskâ€¦, 299,172,no results found,
Steelbird YS-47 7Wings Unisex Helmet Visor Face Shield Static Full Face Protector For Each and Everyone (Pack of 1),Steelbird YS-47 7Wings Unisex Helmet Visor Face Shield Static Full Face Protector For Each and Everyone (Pack of 1), 399,no results found,999,
Formula 1 615026 Carnauba Paste Wax (230 g),Formula 1 615026 Carnauba Paste Wax (230 g), 438,599,663,
Sheeba Rubbing Compound Scratch Remover (200 ml) (SCRC06),Sheeba Rubbing Compound Scratch Remover (200 ml) (SCRC06), 133,133,1649,
amiciAuto Tubeless Tyre Puncture Repair Tools Kit,amiciAuto Tubeless Tyre Puncture Repair Tools Kit, 299,365,10900,
Amazon Brand - Solimo Portable Digital Tyre Inflator (Black),Amazon Brand - Solimo Portable Digital Tyre Inflator (Black), 1519,no results found,3499,
H-Store Unisex Lycra Face Mask (hstoreblackfacemask Black),H-Store Unisex Lycra Face Mask (hstoreblackfacemask Black), 149,no results found,739,
Kawachi Car Travel Inflatable Sofa Mattress Air Bed Cushion Camping Bed Rear Seat With Pillow And Pump,Kawachi Car Travel Inflatable Sofa Mattress Air Bed Cushion Camping Bed Rear Seat With Pillow And Pump, 1739,no results found,15499,
Niks Car Air Outlet Vent Internal Cleaner Keyboard Dust Cleaning Brush,Niks Car Air Outlet Vent Internal Cleaner Keyboard Dust Cleaning Brush, 149,215,4999,
Marcloire Certified N95 5 layered Washable Reusable outdoor protection Face Mask For Men & Women (BlueWhiteBlackâ€¦,Marcloire Certified N95 5 layered Washable Reusable outdoor protection Face Mask For Men & Women (BlueWhiteBlackâ€¦, 299,599,3499,
Rally R000246 4x 9 LED RGB Car Interior Decorative Light Floor Atmosphere Strip Light Car Under Dash Interior LEDâ€¦,Rally R000246 4x 9 LED RGB Car Interior Decorative Light Floor Atmosphere Strip Light Car Under Dash Interior LEDâ€¦, 333,1499,no results found,
AllExtreme EX31SDW 10 LED Car Interior Roof Light Super Bright Reading SUV Dome Lamp Bulb with Festoon Holder (5W Whiteâ€¦,AllExtreme EX31SDW 10 LED Car Interior Roof Light Super Bright Reading SUV Dome Lamp Bulb with Festoon Holder (5W Whiteâ€¦, 119,no results found,no results found,
Fusion PVC Car Sticker 0.19 x 23.22 x 2.67 Inches Black,Fusion PVC Car Sticker 0.19 x 23.22 x 2.67 Inches Black, 109,479,368,
3M IA260100432 Auto Specialty Shampoo (250 ml),3M IA260100432 Auto Specialty Shampoo (250 ml), 191,270,7990,
3M IA260166326 Auto Specialty Liquid Wax (200ml) + Motul C2 Chain Lube for All Bikes (150 ml),3M IA260166326 Auto Specialty Liquid Wax (200ml) + Motul C2 Chain Lube for All Bikes (150 ml), 238,no results found,7990,
Marcloire - Made in India Standard Size ISO CE Certified Reusable/Washable 5-LDayered Outdoor Protection Face Mask withâ€¦,Marcloire - Made in India Standard Size ISO CE Certified Reusable/Washable 5-LDayered Outdoor Protection Face Mask withâ€¦, 289,no results found,no results found,
Vega Cliff CLF-LK-M Full Face Helmet (Black M),Vega Cliff CLF-LK-M Full Face Helmet (Black M), 870,1299,1599,
NEXTON Presents Microfiber Car Cleaner Washable Duster/Brush with Grip Expandable Handle_Grey Color (1 pc.),NEXTON Presents Microfiber Car Cleaner Washable Duster/Brush with Grip Expandable Handle_Grey Color (1 pc.), 349,255,399,
Bergmann Stunner Car Vacuum Cleaner with Stainless Steel HEPA Filter (Black),Bergmann Stunner Car Vacuum Cleaner with Stainless Steel HEPA Filter (Black), 1695,7498,3999,
Vega Atom Dull Black Helmet-M,Vega Atom Dull Black Helmet-M, 730,730,1599,
Steelbird Cyborg Double Visor Full Face Helmet Inner Smoke Sun Shield and Outer Clear Visor (Large 600 MM Dashingâ€¦,Steelbird Cyborg Double Visor Full Face Helmet Inner Smoke Sun Shield and Outer Clear Visor (Large 600 MM Dashingâ€¦, 1104,no results found,no results found,
NIKAVI Aerosol Spray Paint Cans (400 ML 77 Post Green),NIKAVI Aerosol Spray Paint Cans (400 ML 77 Post Green), 280,no results found,500,
Pigeon by Stovekraft Kessel 1.2-Litre Multi-Purpose Kettle (Silver) 600W Black,Pigeon by Stovekraft Kessel 1.2-Litre Multi-Purpose Kettle (Silver) 600W Black, 695,1055,1399,
Pigeon by Stovekraft New Handy Mini Plastic Chopper with 3 Blades Green,Pigeon by Stovekraft New Handy Mini Plastic Chopper with 3 Blades Green, 204,248,1399,
Milton Thermosteel Flip Lid Flask 350 milliliters Silver,Milton Thermosteel Flip Lid Flask 350 milliliters Silver, 447,429,31990,
Milton Duo DLX 350 Bottle 350ml Silver,Milton Duo DLX 350 Bottle 350ml Silver, 559,620,31990,
Wakefit Water Proof Terry Cotton Mattress Protector- (72 x 36/1.83 m x 91.44 cm Single Bed Grey),Wakefit Water Proof Terry Cotton Mattress Protector- (72 x 36/1.83 m x 91.44 cm Single Bed Grey), 599,9049,2999,
Bajaj Immersion Rod Water Heater,Bajaj Immersion Rod Water Heater, 358,509,849,
Prestige 1.5 Litre Kettle 1500-watts Red,Prestige 1.5 Litre Kettle 1500-watts Red, 650,799,899,
Orpat OEH-1220 2000-Watt Fan Heater (White),Orpat OEH-1220 2000-Watt Fan Heater (White), 1080,no results found,1999,
Cello Checkers Plastic Container Set 18-Pieces Blue,Cello Checkers Plastic Container Set 18-Pieces Blue, 320,999,40900,
Shalimar Premium OXO - Biodegradable Garbage Bags (Large) Size 60 cm x 81 cm (15 Bags) (Black Colour),Shalimar Premium OXO - Biodegradable Garbage Bags (Large) Size 60 cm x 81 cm (15 Bags) (Black Colour), 52,no results found,2499,
The Purple Tree Decorative Star Curtain LED Lights for Diwali Christmas Wedding - 2.5 Meter (1 Curtain) 138 LED (6+6â€¦,The Purple Tree Decorative Star Curtain LED Lights for Diwali Christmas Wedding - 2.5 Meter (1 Curtain) 138 LED (6+6â€¦, 629,no results found,no results found,
Ezee Plastic Garbage Bag - 19X21 Inch 90 Piecemedium Black 3 Piece,Ezee Plastic Garbage Bag - 19X21 Inch 90 Piecemedium Black 3 Piece, 195,no results found,1144,
Pigeon by Stovekraft Basics Aluminium Non-stick Cookware Set Set of 3 (With one lid) Pink,Pigeon by Stovekraft Basics Aluminium Non-stick Cookware Set Set of 3 (With one lid) Pink, 883,1425,3199,
Butterfly EKN 1.5-Litre Water Kettle (Silver with Black),Butterfly EKN 1.5-Litre Water Kettle (Silver with Black), 680,970,1399,
Butterfly Premium Vegetable Chopper 900 Ml Blue,Butterfly Premium Vegetable Chopper 900 Ml Blue, 348,349,2799,
SATYAM KRAFT 20 Star String Lights for Indoor Outdoor Decoration (3 Meter  Yellow),SATYAM KRAFT 20 Star String Lights for Indoor Outdoor Decoration (3 Meter  Yellow), 269,no results found,5250,
Amazon Brand - Solimo 2000-Watt Room Heater (ISI certified Beige colour Ideal for small to medium room/area),Amazon Brand - Solimo 2000-Watt Room Heater (ISI certified Beige colour Ideal for small to medium room/area), 1149,no results found,2499,
INFINITY ELECTRIC NOVA LINT Remover for for All Woolens Sweaters Blankets Jackets,INFINITY ELECTRIC NOVA LINT Remover for for All Woolens Sweaters Blankets Jackets, 364,379,1349,
Amazon Brand - Solimo Wax Tealight Candles (Set of 100 Unscented) & Apple Slicer with Storage Cup Combo,Amazon Brand - Solimo Wax Tealight Candles (Set of 100 Unscented) & Apple Slicer with Storage Cup Combo, 329,no results found,6999,
Saral Home Black Soft Microfiber Anti-Skid Bath Mat (Pack of 2 35x50 cm),Saral Home Black Soft Microfiber Anti-Skid Bath Mat (Pack of 2 35x50 cm), 269,750,368,
Ajanta Quartz Wall Clock (32 cm x 32 cm x 32 cm Gold),Ajanta Quartz Wall Clock (32 cm x 32 cm x 32 cm Gold), 380,579,27000,
Ganesh Chopper Vegetable Cutter Pool Green (725 ml),Ganesh Chopper Vegetable Cutter Pool Green (725 ml), 178,185,6500,
wipro WiFi Enabled Smart LED Bulb B22 12.5-Watt (16 Million Colors + Warm White/Neutral White/White) (Compatible withâ€¦,wipro WiFi Enabled Smart LED Bulb B22 12.5-Watt (16 Million Colors + Warm White/Neutral White/White) (Compatible withâ€¦, 599,no results found,no results found,
Wakefit Sleeping Pillow (Set of 2) - 27" x 16" / 68.58 cm x 40.64 cm,Wakefit Sleeping Pillow (Set of 2) - 27" x 16" / 68.58 cm x 40.64 cm, 399,9838,7590,
PrettyKrafts Canvas Laundry Bag Toy Storage Laundry Storage (45 L) - Orange Printed,PrettyKrafts Canvas Laundry Bag Toy Storage Laundry Storage (45 L) - Orange Printed, 204,544,12199,
Milton First Aid Box 1 Piece White,Milton First Aid Box 1 Piece White, 150,225,5700,
Odonil Bathroom Air Freshener Blocks â€“ 50 g (Buy 3 get 1),Odonil Bathroom Air Freshener Blocks â€“ 50 g (Buy 3 get 1), 115,353,66900,
Ganesh Multipurpose Vegetable and Fruit Chopper Cutter Grater Slicer,Ganesh Multipurpose Vegetable and Fruit Chopper Cutter Grater Slicer, 468,405,6500,
Bajaj New Shakti Storage 10 Litre Vertical Water Heater White 4 Star,Bajaj New Shakti Storage 10 Litre Vertical Water Heater White 4 Star, 5600,5799,5999,
PESCA 20 LED Wine Bottle Cork Lights Copper Wire String Lights 2M Battery Operated Wine Bottle Fairy Lights (Warm Whiteâ€¦,PESCA 20 LED Wine Bottle Cork Lights Copper Wire String Lights 2M Battery Operated Wine Bottle Fairy Lights (Warm Whiteâ€¦, 175,no results found,no results found,
Ajanta Quartz Office Clock (AQ-2147),Ajanta Quartz Office Clock (AQ-2147), 149,no results found,1299,
DesiDiyaÂ® Warm White Diya/Diwali Light Curtain String Lights with 12 Hanging Diyas 8 Flashing Modes Decorationâ€¦,DesiDiyaÂ® Warm White Diya/Diwali Light Curtain String Lights with 12 Hanging Diyas 8 Flashing Modes Decorationâ€¦, 289,749,no results found,
Generic Electronic Kitchen Digital Weighing Scale Multipurpose (White 10 Kg),Generic Electronic Kitchen Digital Weighing Scale Multipurpose (White 10 Kg), 214,348,9990,
MILTON ThermoSteel Glassy Hot & Cold Bottle with Drinking Cup Lid (350ml Grey),MILTON ThermoSteel Glassy Hot & Cold Bottle with Drinking Cup Lid (350ml Grey), 519,549,1999,
Pigeon by Stovekraft Handy and Compact Chopper XL with 3 blades for effortlessly chopping vegetables and fruits for yourâ€¦,Pigeon by Stovekraft Handy and Compact Chopper XL with 3 blades for effortlessly chopping vegetables and fruits for yourâ€¦, 399,299,no results found,
Shalimar Premium OXO - Biodegradable Garbage Bags (Large) Size 60 cm x 81 cm 6 Rolls (90 Bags) (Dustbin Bag/Trash Bagâ€¦,Shalimar Premium OXO - Biodegradable Garbage Bags (Large) Size 60 cm x 81 cm 6 Rolls (90 Bags) (Dustbin Bag/Trash Bagâ€¦, 425,no results found,no results found,
Amazon Brand - Solimo Microfiber Reversible Comforter Double (Aqua Blue & Olive Green 200 GSM),Amazon Brand - Solimo Microfiber Reversible Comforter Double (Aqua Blue & Olive Green 200 GSM), 1199,no results found,6999,
Shalimar Premium OXO - Biodegradable Garbage Bags (Extra Large) Size 76 cm x 94 cm 4 Rolls (60 Bags) (Dustbin Bag/Trashâ€¦,Shalimar Premium OXO - Biodegradable Garbage Bags (Extra Large) Size 76 cm x 94 cm 4 Rolls (60 Bags) (Dustbin Bag/Trashâ€¦, 228,no results found,no results found,
Crompton Bliss 1-Litre Instant Water Heater (White),Crompton Bliss 1-Litre Instant Water Heater (White), 2249,2450,3299,
Oddy Uniwraps Ecobake Baking & Cooking Paper - 10 inch x 05 Mtr Roll,Oddy Uniwraps Ecobake Baking & Cooking Paper - 10 inch x 05 Mtr Roll, 99,no results found,2299,
Usha EI 1602 1000-Watt Lightweight Dry Iron (multi-colour),Usha EI 1602 1000-Watt Lightweight Dry Iron (multi-colour), 499,729,499,
Mangaldeep Sadhvi Agarbatti - 100 Sticks,Mangaldeep Sadhvi Agarbatti - 100 Sticks, 34,199,2799,
Ebee Store Iron Collapsible Shoe Stand (Beige 4 Shelves),Ebee Store Iron Collapsible Shoe Stand (Beige 4 Shelves), 499,799,999,
Glun Multipurpose Portable Electronic Digital Weighing Scale Weight Machine (10 Kg - with Back Light),Glun Multipurpose Portable Electronic Digital Weighing Scale Weight Machine (10 Kg - with Back Light), 391,no results found,9990,
Recron Certified Dream Fibre Pillow - 41 cm x 61 cm White 2 Piece,Recron Certified Dream Fibre Pillow - 41 cm x 61 cm White 2 Piece, 399,699,7990,
PESCA Flower Fairy String Lights 3 Meter 16 Led Christmas Lights for Diwali Home Decoration (Warm White),PESCA Flower Fairy String Lights 3 Meter 16 Led Christmas Lights for Diwali Home Decoration (Warm White), 265,no results found,599,
Fizzytech 18 LED 5 Meter Blossom Flower Fairy String Lights Christmas Lights for Diwali Home Decoration (Warm White),Fizzytech 18 LED 5 Meter Blossom Flower Fairy String Lights Christmas Lights for Diwali Home Decoration (Warm White), 280,no results found,599,
Faber-Castell Connector Pen Set - Pack of 15 (Assorted),Faber-Castell Connector Pen Set - Pack of 15 (Assorted), 61,219,44990,
Godrej aer Pocket Bathroom Air Fragrance - Assorted Pack of 5 (5x10g),Godrej aer Pocket Bathroom Air Fragrance - Assorted Pack of 5 (5x10g), 229,129,30490,
Amazon Brand - Solimo Microfibre Reversible Comforter Double (Ash Grey & Deep Teal 200 GSM),Amazon Brand - Solimo Microfibre Reversible Comforter Double (Ash Grey & Deep Teal 200 GSM), 1199,no results found,6999,
Urban Forest Oliver Black RFID Blocking Leather Wallet & Black Earphone Organiser Set,Urban Forest Oliver Black RFID Blocking Leather Wallet & Black Earphone Organiser Set, 349,no results found,3799,
WildHorn Wildhorn India Black Men's Wallet (NPH012 BLK),WildHorn Wildhorn India Black Men's Wallet (NPH012 BLK), 332,215,299,
Gear Cross Training Travel Duffel Grey Orange (DUFCRSTNG0406),Gear Cross Training Travel Duffel Grey Orange (DUFCRSTNG0406), 499,549,999,
WILDHORNÂ® Carter Leather Wallet for Men (Black Croco),WILDHORNÂ® Carter Leather Wallet for Men (Black Croco), 540,1404,1899,
GLUN Bolt Electronic Portable Fishing Hook Type Digital LED Screen Luggage Weighing Scale 50 kg/110 Lb (Black),GLUN Bolt Electronic Portable Fishing Hook Type Digital LED Screen Luggage Weighing Scale 50 kg/110 Lb (Black), 265,no results found,9990,
WILDHORN RFID Protected Black Leather Wallet,WILDHORN RFID Protected Black Leather Wallet, 440,486,4700,
M MEDLER Epoch Nylon 55 litres Strolley Duffel Bag - (EPOCH04NAV_Navy),M MEDLER Epoch Nylon 55 litres Strolley Duffel Bag - (EPOCH04NAV_Navy), 599,599,1999,
Hornbull Gift Hamper for Men - Brown Wallet and Brown Belt Men's Combo Gift Set 4595,Hornbull Gift Hamper for Men - Brown Wallet and Brown Belt Men's Combo Gift Set 4595, 892.06,497,3650,
WildHorn Wildhorn India Black Men's Wallet (NPH001BLK(New)),WildHorn Wildhorn India Black Men's Wallet (NPH001BLK(New)), 332,899,299,
Skybags Trooper Polycarbonate Hardsided Luggage Set of 2 Small & Medium,Skybags Trooper Polycarbonate Hardsided Luggage Set of 2 Small & Medium, 2589,3389,10399,
WildHornÂ® RFID Protected Genuine High Quality Leather Wallet for Men (Black MATT),WildHornÂ® RFID Protected Genuine High Quality Leather Wallet for Men (Black MATT), 359,486,1899,
OFIXO RFID Credit Card Holder Protector Stainless Steel Credit Card Wallet Slim RFID Metal Credit Card Case for Women orâ€¦,OFIXO RFID Credit Card Holder Protector Stainless Steel Credit Card Wallet Slim RFID Metal Credit Card Case for Women orâ€¦, 119,298,no results found,
POLESTAR XPLORE 55 ltrs with Rain Cover Rucksack Hiking Backpack,POLESTAR XPLORE 55 ltrs with Rain Cover Rucksack Hiking Backpack, 826.26,899,3299,
GoTrippin Weighing Scale for Luggage (Silver_ELS),GoTrippin Weighing Scale for Luggage (Silver_ELS), 751,799,9990,
TYPIFYÂ® PU Leather Teddy Keychain Women Backpack Handbag,TYPIFYÂ® PU Leather Teddy Keychain Women Backpack Handbag, 359,449,1649,
Hornbull Men's Stella Aqua Blue Leather RFID Blocking Wallet,Hornbull Men's Stella Aqua Blue Leather RFID Blocking Wallet, 516.06,566,3650,
SAFARI 15 Ltrs Sea Blue Casual/School/College Backpack (DAYPACKNEO15CBSEB),SAFARI 15 Ltrs Sea Blue Casual/School/College Backpack (DAYPACKNEO15CBSEB), 264,381,1699,
AL FASCINO Stylish RFID Protected Genuine Leather Wallet for Men,AL FASCINO Stylish RFID Protected Genuine Leather Wallet for Men, 499,549,3650,
POLESTAR"Noble Blue ltrs Casual bagpack/School Bag/Laptop Backpack,POLESTAR"Noble Blue ltrs Casual bagpack/School Bag/Laptop Backpack, 530.16,499,999,
SAFARI 15 Ltrs Denim Blue Casual/School/College Backpack (DAYPACKNEO15CBDNB),SAFARI 15 Ltrs Denim Blue Casual/School/College Backpack (DAYPACKNEO15CBDNB), 264,264,959,
Half Moon 35 L Casual Waterproof Laptop Bag/Backpack for Men Women Boys Girls/Office School College Teens & Studentsâ€¦,Half Moon 35 L Casual Waterproof Laptop Bag/Backpack for Men Women Boys Girls/Office School College Teens & Studentsâ€¦, 510,689,999,
Frantic Velvet Kids School/Nursery/Picnic/Carry/Travelling Bag - 2 to 5 Age (ND Grey Elephant 2020),Frantic Velvet Kids School/Nursery/Picnic/Carry/Travelling Bag - 2 to 5 Age (ND Grey Elephant 2020), 272,299,36990,
AmazonBasics 21 Ltrs Classic Backpack - Black,AmazonBasics 21 Ltrs Classic Backpack - Black, 499,450,3299,
Trajectory 2 in 1 Travel Combo: Supercomfy Travel Black Neck Pillow with Sleeping Eye Mask,Trajectory 2 in 1 Travel Combo: Supercomfy Travel Black Neck Pillow with Sleeping Eye Mask, 375,no results found,2499,
WILDHORN Men's RFID Protected Leather Wallet (Black),WILDHORN Men's RFID Protected Leather Wallet (Black), 469,486,1899,
John's Umbrella Polyester Umbrella (Black_3 Fold Moon Silver),John's Umbrella Polyester Umbrella (Black_3 Fold Moon Silver), 350,no results found,1599,
URBAN FOREST Leather Men's Money Clip (UBF139RDB1031_Black & Dark Red),URBAN FOREST Leather Men's Money Clip (UBF139RDB1031_Black & Dark Red), 494,494,1899,
AUXTER Blacky Leatherette Gym Bag Duffel Bag Shoulder Bag for Men and Women Emboss Logo (Black),AUXTER Blacky Leatherette Gym Bag Duffel Bag Shoulder Bag for Men and Women Emboss Logo (Black), 367,299,1649,
DZert Hellokitty Kids Bags for School Baby/Boys/Girls Velvet Backpack (Pink),DZert Hellokitty Kids Bags for School Baby/Boys/Girls Velvet Backpack (Pink), 237,no results found,3299,
Lunar's Comet 35L Casual Water Resistant Travel Bagpack/College Backpack/School Bag/Office Bag/Business Bag with 1 Yearâ€¦,Lunar's Comet 35L Casual Water Resistant Travel Bagpack/College Backpack/School Bag/Office Bag/Business Bag with 1 Yearâ€¦, 699,699,no results found,
Storite Stylish Nylon Sling Cross Body Travel Office Business Messenger Bag for Men Women (25x16x7.5cm) (Dark Grey),Storite Stylish Nylon Sling Cross Body Travel Office Business Messenger Bag for Men Women (25x16x7.5cm) (Dark Grey), 399,no results found,1999,
Storite 6 Slots Metal RFID Blocking Credit Card Holder â€“(Black 10 x 7 x 1.3 cm),Storite 6 Slots Metal RFID Blocking Credit Card Holder â€“(Black 10 x 7 x 1.3 cm), 345,no results found,549,
Amazon Brand - Solimo Rain & Dust Cover for Backpack (30 litres Black),Amazon Brand - Solimo Rain & Dust Cover for Backpack (30 litres Black), 199,635,3499,
Spiffy Men's Genuine Leather Wallet for Men Purse (Brown),Spiffy Men's Genuine Leather Wallet for Men Purse (Brown), 690,524,3650,
Leather Wallet Keychain & Pen Combo for Men,Leather Wallet Keychain & Pen Combo for Men, 630,399,99,
Woodland Leather Wallet Men's Artificial Leather Wallet (Black),Woodland Leather Wallet Men's Artificial Leather Wallet (Black), 98,1599,1899,
blissburry Leather Men's Wallet (3in1_Brown),blissburry Leather Men's Wallet (3in1_Brown), 169,410,324,
POLESTAR Ranker Blue Casual bagpack/Travel Laptop Backpack Bag,POLESTAR Ranker Blue Casual bagpack/Travel Laptop Backpack Bag, 563.06,599,999,
SNDIA Multicolor Keyring & Keychain with Name Tag Labels (Pack of 50),SNDIA Multicolor Keyring & Keychain with Name Tag Labels (Pack of 50), 169,150,499,
American Tourister 32 Ltrs Black Casual Backpack (AMT FIZZ SCH BAG 02 - BLACK),American Tourister 32 Ltrs Black Casual Backpack (AMT FIZZ SCH BAG 02 - BLACK), 1249,1069,2699,
Hammonds Flycatcher RFID Protected Black Nappa Leather Wallet for Men|5 Card Slots| 1 Coin Pocket|2 Hidden Compartment|2â€¦,Hammonds Flycatcher RFID Protected Black Nappa Leather Wallet for Men|5 Card Slots| 1 Coin Pocket|2 Hidden Compartment|2â€¦, 349,599,no results found,
TRAWOC 80L Travel Backpack for Outdoor Sport Camp Hiking Trekking Bag Camping Rucksack HK007 (Grey) 1 Year Warranty,TRAWOC 80L Travel Backpack for Outdoor Sport Camp Hiking Trekking Bag Camping Rucksack HK007 (Grey) 1 Year Warranty, 1985,1985,1599,
Trajectory Supercomfy Black Neck Pillow for Everyday Travel,Trajectory Supercomfy Black Neck Pillow for Everyday Travel, 249,899,999,
Optima Sports Duffle Bag 31L Waterproof Gym Bag for Men and Women Durable Travel Duffel Bag with Shoulder Strap Blackâ€¦,Optima Sports Duffle Bag 31L Waterproof Gym Bag for Men and Women Durable Travel Duffel Bag with Shoulder Strap Blackâ€¦, 379,611,no results found,
AmazonBasics Bag Organizer Packing Cubes - Small Medium Large and Slim (4-Piece Set) Black (ZH1509009),AmazonBasics Bag Organizer Packing Cubes - Small Medium Large and Slim (4-Piece Set) Black (ZH1509009), 599,no results found,1144,
Storite 10 Slots PU Leather Credit Card Holder -(Brown10.5 x 7.5 x 2.3 cm),Storite 10 Slots PU Leather Credit Card Holder -(Brown10.5 x 7.5 x 2.3 cm), 349,349,84200,
STALLION Trekking Poles/Sticks for Walking Safety Outdoor Activities Hiking & Skiing Collapsible & Expandableâ€¦,STALLION Trekking Poles/Sticks for Walking Safety Outdoor Activities Hiking & Skiing Collapsible & Expandableâ€¦, 399,no results found,5320,
Mackchan Cute Style Female Student Oxford Waterproof Anti Thief School Bags Backpack Girls Daily Backpack Sling Bag (MCâ€¦,Mackchan Cute Style Female Student Oxford Waterproof Anti Thief School Bags Backpack Girls Daily Backpack Sling Bag (MCâ€¦, 419,no results found,no results found,
NISUN RFID Blocking PU Leather Pocket Sized Credit Card Holder Name Card Case Wallet with Magnetic Shut for Men & Womenâ€¦,NISUN RFID Blocking PU Leather Pocket Sized Credit Card Holder Name Card Case Wallet with Magnetic Shut for Men & Womenâ€¦, 329,199,399,
Billebon Neck Pillow Eye Mask - Combo Airline Travel Sleeping Pillow with Sleeping Eye Mask Travel Eye Mask Great forâ€¦,Billebon Neck Pillow Eye Mask - Combo Airline Travel Sleeping Pillow with Sleeping Eye Mask Travel Eye Mask Great forâ€¦, 299,249,no results found,
